<?xml version="1.0" encoding="utf-8"?>
<!DOCTYPE article PUBLIC "-//NLM//DTD JATS (Z39.96) Journal Archiving
and Interchange DTD v1.2 20190208//EN" "JATS-archivearticle1.dtd">
<article xmlns:mml="http://www.w3.org/1998/Math/MathML" xmlns:xlink="http://www.w3.org/1999/xlink" dtd-version="1.2" article-type="report">
  <front>
    <journal-meta>
      <journal-id/>
      <journal-title-group>
        <journal-title>CSDR Research Papers</journal-title>
      </journal-title-group>
      <issn/>
      <publisher>
        <publisher-name/>
      </publisher>
    </journal-meta>
    <article-meta>
      <article-id pub-id-type="doi">Temp0.0000000</article-id>
      <title-group>
        <article-title>Policy design features and next steps for improving the
energy efficiency of Australian Homes</article-title>
      </title-group>
      <contrib-group>
        <contrib contrib-type="author">
          <name>
            <surname>Lam</surname>
            <given-names>Joshua</given-names>
          </name>
          <string-name>Joshua Lam</string-name>
          <xref ref-type="aff" rid="aff-1">a</xref>
          <xref ref-type="aff" rid="aff-2">b</xref>
        </contrib>
        <contrib contrib-type="author">
          <name>
            <surname>Xing</surname>
            <given-names>Dong</given-names>
          </name>
          <string-name>Dong Xing</string-name>
          <xref ref-type="aff" rid="aff-1">a</xref>
          <xref ref-type="aff" rid="aff-2">b</xref>
        </contrib>
        <contrib contrib-type="author">
          <name>
            <surname>Malik</surname>
            <given-names>Shanzeh</given-names>
          </name>
          <string-name>Shanzeh Malik</string-name>
          <xref ref-type="aff" rid="aff-1">a</xref>
          <xref ref-type="aff" rid="aff-2">b</xref>
        </contrib>
        <contrib contrib-type="author">
          <name>
            <surname>Hollaway</surname>
            <given-names>Liz</given-names>
          </name>
          <string-name>Liz Hollaway</string-name>
          <xref ref-type="aff" rid="aff-1">a</xref>
          <xref ref-type="aff" rid="aff-2">b</xref>
        </contrib>
        <contrib contrib-type="author">
          <name>
            <surname>Northrop</surname>
            <given-names>Eliza</given-names>
          </name>
          <string-name>Eliza Northrop</string-name>
          <xref ref-type="aff" rid="aff-1">a</xref>
          <xref ref-type="aff" rid="aff-2">b</xref>
        </contrib>
        <contrib contrib-type="author" corresp="yes">
          <contrib-id contrib-id-type="orcid">0000-0003-1313-3956</contrib-id>
          <name>
            <surname>Milligan</surname>
            <given-names>Ben</given-names>
          </name>
          <string-name>Ben Milligan</string-name>
          <email>b.milligan@unsw.edu.au</email>
          <xref ref-type="aff" rid="aff-1">a</xref>
          <xref ref-type="aff" rid="aff-2">b</xref>
          <xref ref-type="corresp" rid="cor-6">*</xref>
        </contrib>
      </contrib-group>
      <aff id="aff-1">
        <institution-wrap>
          <institution>Centre for Sustainable Development Reform</institution>
        </institution-wrap>
      </aff>
      <aff id="aff-2">
        <institution-wrap>
          <institution>University of New South Wales</institution>
        </institution-wrap>
      </aff>
      <author-notes>
        <corresp id="cor-6">b.milligan@unsw.edu.au</corresp>
      </author-notes>
      <pub-date date-type="pub" publication-format="electronic" iso-8601-date="2025-06-01">
        <year>2025</year>
        <month>6</month>
        <day>1</day>
      </pub-date>
      <history/>
      <abstract>
        <p>Australian residential housing faces significant energy efficiency
challenges, with the average home achieving only 1.7 stars under the
Nationwide House Energy Rating Scheme (NatHERS). This paper analyzes the
evolution and current state of energy efficiency policy responses across
Commonwealth, state, and local government jurisdictions. While recent
years have seen strengthened standards through the National Construction
Code and expanded financial support through programs like the $1.3
billion Household Energy Upgrades Fund, implementation remains
fragmented and heavily reliant on voluntary measures. State governments
have emerged as key policy innovators, implementing market-based
mechanisms and equity-focused programs, though approaches vary
significantly across jurisdictions. Local governments demonstrate
particular strengths in community engagement and implementation support,
especially in addressing split-incentive barriers in the rental sector.
Non-government actors play increasingly important roles through
standard-setting, program delivery, and policy advocacy, though
systematic evaluation of their contributions remains limited. Analysis
reveals several priorities for strengthening policy frameworks:
establishing mandatory disclosure requirements, enhancing compliance
mechanisms, developing robust data infrastructure, addressing rental
sector barriers, and implementing comprehensive retrofit strategies for
existing housing stock. Success requires stronger cross-jurisdictional
coordination while maintaining flexibility for local adaptation. These
findings highlight the need for a more coordinated and ambitious
approach to residential energy efficiency improvement, combining
regulatory requirements with targeted support mechanisms to achieve
widespread adoption of high-performance housing.</p>
      </abstract>
      <kwd-group kwd-group-type="author">
        <kwd>Australian Housing</kwd>
        <kwd>Energy Efficiency</kwd>
        <kwd>Climate Policy</kwd>
      </kwd-group>
    </article-meta>
  </front>
  <body>
    <sec id="key-findings">
      <title>1. Key findings</title>
      <list list-type="bullet">
        <list-item>
          <p>The research suggests that implementing a national mandatory
      disclosure framework for residential energy performance could
      significantly improve outcomes, with international evidence
      indicating mandatory schemes achieve 2.2% annual efficiency
      improvements compared to Australia’s current 0.3% under voluntary
      approaches.</p>
        </list-item>
        <list-item>
          <p>Evidence indicates the $1.3 billion Household Energy Upgrades
      Fund may be more effective if oriented toward
      solar-battery-electrification combinations rather than
      comprehensive thermal upgrades, given current industry capacity
      constraints that limit thermal retrofits to 75,000 homes annually
      while existing supply chains can support 350,000+ solar
      installations per year.</p>
        </list-item>
        <list-item>
          <p>Analysis points to opportunities for state governments to
      develop coordinated rental sector strategies that combine minimum
      standards with targeted financial incentives, addressing the
      observed 2.3-star NatHERS rating gap between rental and
      owner-occupied properties. Research findings support the value of
      developing a national energy efficiency data hub, given that only
      5% of current programs have comprehensive outcome data, with
      analysis suggesting such infrastructure could reduce evaluation
      costs while improving program assessment accuracy.</p>
        </list-item>
        <list-item>
          <p>The findings indicate potential benefits from establishing a
      formal cross-jurisdictional coordination mechanism, considering
      evidence of substantial inefficiencies from fragmented
      implementation, while successful state-level market mechanisms
      could inform broader policy development.</p>
        </list-item>
      </list>
    </sec>
    <sec id="evolution-of-policy-responses-for-residential-energy-efficiency">
      <title>2. Evolution of policy responses for residential energy
  efficiency</title>
      <p>Australia’s approach to residential energy efficiency policy has
  evolved from a largely unregulated domain to an increasingly complex
  policy landscape over recent decades. Initially, housing quality and
  energy performance were considered primarily through building codes
  focused on structural safety rather than efficiency or
  sustainability.<xref ref-type="fn" rid="fn1">1</xref></p>
      <p>A significant shift occurred in 2003 with the introduction of
  energy efficiency standards in the National Construction Code (NCC),
  marking the first national mandatory requirements for thermal
  performance in new residential
  buildings.<xref ref-type="fn" rid="fn2">2</xref> However, these
  initial standards were modest by international comparison and focused
  exclusively on new construction rather than existing housing
  stock.<xref ref-type="fn" rid="fn3">3</xref></p>
      <p>The growing recognition of climate change impacts led to expanded
  policy attention in the late 2000s, including through the National
  Energy Productivity Plan (NEPP) which aimed to improve Australia’s
  energy productivity by 40% between 2015 and
  2030.<xref ref-type="fn" rid="fn4">4</xref> This period saw the
  emergence of various state-based initiatives and the development of
  rating tools like the Nationwide House Energy Rating Scheme
  (NatHERS).<xref ref-type="fn" rid="fn5">5</xref></p>
      <p>The 2010s marked increased attention to rental housing standards,
  though primarily through voluntary approaches rather than regulation.
  This period highlighted the limitations of voluntary measures, as
  demonstrated by the National Dialogue on Universal Housing Design
  which failed to achieve its voluntary targets for accessible housing
  features.<xref ref-type="fn" rid="fn6">6</xref></p>
      <p>Recent years have seen a gradual strengthening of standards,
  exemplified by the 2022 NCC update requiring new homes to achieve the
  equivalent of 7-stars under
  NatHERS.<xref ref-type="fn" rid="fn7">7</xref> However, implementation
  remains inconsistent across jurisdictions, with some states delaying
  or declining to adopt higher
  standards.<xref ref-type="fn" rid="fn8">8</xref></p>
      <p>The current policy landscape is characterized by fragmentation
  across multiple levels of government, with responsibilities divided
  between Commonwealth, state/territory and local authorities. This
  creates challenges for consistent implementation and
  enforcement.<xref ref-type="fn" rid="fn9">9</xref> The system relies
  heavily on voluntary measures, particularly for existing housing
  stock, which comprises the majority of residential
  buildings.<xref ref-type="fn" rid="fn10">10</xref> This fragmented
  approach, combined with the predominance of voluntary mechanisms, has
  resulted in slower progress compared to international peers in
  improving residential energy
  efficiency.<xref ref-type="fn" rid="fn11">11</xref></p>
    </sec>
    <sec id="commonwealth-government-interventions">
      <title>3. Commonwealth Government Interventions</title>
      <p>The Commonwealth Government has employed several key policy
  mechanisms to improve residential energy efficiency, though their
  effectiveness has been limited by fragmented implementation and a
  reliance on voluntary measures. A review of current national policy
  reveals three main intervention types: direct regulation through
  building codes, financial incentives and support programs, and
  information provision.</p>
      <p>The primary regulatory instrument at the national level is the
  National Construction Code (NCC), which since 2003 has prescribed
  energy efficiency standards for newly built and substantially
  renovated homes.<xref ref-type="fn" rid="fn12">12</xref> While the
  2022 NCC update increased minimum thermal performance requirements
  from 6 to 7 stars under NatHERS, implementation remains inconsistent
  across jurisdictions with some states delaying or declining to adopt
  higher standards.<xref ref-type="fn" rid="fn13">13</xref></p>
      <p>The Commonwealth has significantly expanded its financial
  mechanisms for supporting residential energy efficiency improvements.
  The $1.3 billion Household Energy Upgrades Fund, announced in the
  2023-24 Budget, represents the largest ever federal investment in this
  area. Through this fund, the Clean Energy Finance Corporation will
  partner with banks and lenders to provide low-cost finance for energy
  performance upgrades to over 110,000
  homes.<xref ref-type="fn" rid="fn14">14</xref> Additionally, $300
  million has been allocated for upgrades to approximately 60,000 social
  housing properties, addressing equity concerns in energy efficiency
  improvements.<xref ref-type="fn" rid="fn15">15</xref></p>
      <p>Information provision forms the third pillar of Commonwealth
  intervention, primarily through the Your Home guide and energy.gov.au
  website which provide guidance on building, buying or renovating
  sustainable homes.<xref ref-type="fn" rid="fn16">16</xref> The
  government has also developed the Nationwide House Energy Rating
  Scheme (NatHERS) to provide reliable energy performance ratings,
  though its application remains largely limited to new
  construction.<xref ref-type="fn" rid="fn17">17</xref></p>
      <p>The policy approach is guided by the Trajectory for Low Energy
  Buildings, which aims to achieve zero energy and carbon-ready
  buildings. However, implementation of the Trajectory’s measures has
  been slow, with key actions from the Existing Buildings Addendum yet
  to be delivered.<xref ref-type="fn" rid="fn18">18</xref> This includes
  the development of a national framework for energy efficiency
  disclosure and minimum rental standards.</p>
      <p>The effectiveness of Commonwealth interventions has been
  constrained by several factors. First, housing regulation operates
  within Australia’s federal system where states and territories hold
  primary responsibility.<xref ref-type="fn" rid="fn19">19</xref> This
  has resulted in inconsistent adoption of national frameworks. Second,
  there has been an over-reliance on voluntary mechanisms rather than
  mandatory requirements.<xref ref-type="fn" rid="fn20">20</xref> Third,
  policy has focused predominantly on new construction rather than
  addressing the existing housing stock which comprises the majority of
  dwellings.<xref ref-type="fn" rid="fn21">21</xref></p>
    </sec>
    <sec id="state-government-interventions">
      <title>4. State Government Interventions</title>
      <p>State governments have emerged as key drivers of residential energy
  efficiency policy in Australia, implementing varied approaches that
  reflect both jurisdictional priorities and local market conditions.
  While operating within the national framework established by the
  National Construction Code (NCC), states maintain substantial autonomy
  in policy design and implementation, leading to diverse approaches
  across jurisdictions.<xref ref-type="fn" rid="fn22">22</xref></p>
      <p>The implementation of enhanced building energy standards
  illustrates this jurisdictional variation. Following the 2022 NCC
  update increasing minimum thermal performance requirements to 7-stars
  under NatHERS, adoption patterns have varied significantly. The ACT
  and NSW led implementation, with Victoria and Queensland following in
  May 2024, while Western Australia delayed adoption until 2025.
  Tasmania opted not to adopt the new standard, and the Northern
  Territory chose to implement only a 5-star
  requirement.<xref ref-type="fn" rid="fn23">23</xref></p>
      <p>Several states have developed sophisticated market-based mechanisms
  to drive energy efficiency improvements. Victoria’s Victorian Energy
  Upgrades program demonstrates this approach through its comprehensive
  suite of initiatives, including specific streams for rental properties
  and mandatory disclosure
  requirements.<xref ref-type="fn" rid="fn24">24</xref> Similarly, NSW’s
  Energy Security Safeguard has pioneered innovative policy design,
  while Queensland’s Energy Savers Program offers targeted support for
  energy efficiency
  improvements.<xref ref-type="fn" rid="fn25">25</xref></p>
      <p>States have increasingly incorporated equity considerations into
  program design. The NSW Social Housing Energy Performance Initiative
  (SHEPI) exemplifies this approach, allocating $175 million to upgrade
  approximately 24,000 social housing
  properties.<xref ref-type="fn" rid="fn26">26</xref> Victoria’s Solar
  for Rentals program directly addresses split incentive barriers in the
  rental market through targeted incentives and support
  mechanisms.<xref ref-type="fn" rid="fn27">27</xref></p>
      <p>Implementation support has evolved beyond simple financial
  incentives. Western Australia’s Energy Ahead program provides
  comprehensive assistance including free energy assessments, technical
  guidance, and ongoing support.<xref ref-type="fn" rid="fn28">28</xref>
  South Australia’s Virtual Power Plant program combines technology
  deployment with sophisticated grid integration, demonstrating how
  implementation support can advance both household and system-wide
  objectives.<xref ref-type="fn" rid="fn29">29</xref></p>
      <p>Recent state initiatives show increasing attention to policy
  integration and market development. Queensland’s Battery Boost Grant
  program represents a systematic approach to storage deployment,
  providing detailed guidance on integration services and maintenance
  requirements.<xref ref-type="fn" rid="fn30">30</xref> The Victorian
  Gas Substitution Roadmap demonstrates sophisticated policy mechanisms
  through its coordinated approach to electrification and efficiency
  improvements, which has operated continuously since 2020 while
  expanding in scope and
  ambition.<xref ref-type="fn" rid="fn31">31</xref></p>
    </sec>
    <sec id="local-government-interventions">
      <title>5. Local Government interventions</title>
      <p>Local governments across Australia have developed distinctive
  approaches to residential energy efficiency policy, implementing
  programs that leverage their close community connections and local
  planning powers. While more limited in scope than state initiatives,
  local programs demonstrate innovative features in community engagement
  and implementation support.</p>
      <p>Metropolitan councils have led policy development, with larger
  urban authorities implementing comprehensive programs that combine
  multiple intervention types. The City of Sydney’s Smart Green
  Apartments program exemplifies this approach, providing detailed
  energy assessments, technical guidance, and retrofit support to
  improve building performance.<xref ref-type="fn" rid="fn32">32</xref>
  Similarly, the City of Melbourne’s Zero Net Carbon Homes program
  offers integrated support for sustainable building design and
  construction, demonstrating how local authorities can address specific
  building typology
  challenges.<xref ref-type="fn" rid="fn33">33</xref></p>
      <p>Local governments have shown particular innovation in community
  engagement approaches. Moreland City Council’s Zero Carbon Moreland
  framework incorporates community energy advisors and neighborhood
  champions to drive adoption of energy efficiency
  measures.<xref ref-type="fn" rid="fn34">34</xref> The City of
  Adelaide’s Sustainability Incentives Scheme demonstrates sophisticated
  financial structuring, offering tiered rebates linked to energy
  performance improvements while providing technical support through
  community workshops.<xref ref-type="fn" rid="fn35">35</xref></p>
      <p>Implementation support at the local level often extends beyond
  traditional rebate programs. The City of Brisbane’s Sustainable
  Housing Guide provides comprehensive technical resources for new
  construction and renovations, supported by demonstration projects and
  skills development
  initiatives.<xref ref-type="fn" rid="fn36">36</xref> Willoughby
  Council’s Better Business Partnership program exemplifies cross-sector
  collaboration, engaging local businesses in residential energy
  efficiency improvements through supply chain
  development.<xref ref-type="fn" rid="fn37">37</xref></p>
      <p>Local authorities have increasingly focused on rental property
  challenges through targeted programs and split-incentive solutions.
  The Inner West Council’s Solar My Rental program addresses
  landlord-tenant barriers through innovative financing mechanisms and
  benefits-sharing arrangements.<xref ref-type="fn" rid="fn38">38</xref>
  Similarly, Waverley Council’s Building Futures program provides
  specialized support for apartment buildings, including detailed
  technical assessments and staged implementation
  pathways.<xref ref-type="fn" rid="fn39">39</xref></p>
      <p>Regional councils have developed adapted approaches reflecting
  their distinct circumstances. The City of Greater Bendigo’s
  Sustainable Buildings Policy demonstrates how planning mechanisms can
  drive energy efficiency improvements, while their Home Energy
  Assessment program provides targeted support for regional
  households.<xref ref-type="fn" rid="fn40">40</xref> Byron Shire
  Council’s Zero Emissions Strategy shows how smaller councils can
  leverage community partnerships to deliver comprehensive programs
  despite resource
  constraints.<xref ref-type="fn" rid="fn41">41</xref></p>
    </sec>
    <sec id="activity-by-non-government-actors">
      <title>6. Activity by non-government actors</title>
      <p>Non-government actors have played an increasingly significant role
  in advancing residential energy efficiency in Australia, though
  systematic documentation of their independent initiatives remains
  limited. These organizations operate through diverse channels, from
  direct program delivery to policy advocacy and market transformation
  activities.</p>
      <p>Industry bodies have emerged as important standard-setters and
  capability builders. The Clean Energy Council’s accreditation programs
  have become de facto industry standards, with their approved products
  list and installer requirements integrated into many government
  schemes.<xref ref-type="fn" rid="fn42">42</xref> The Green Building
  Council of Australia has driven market transformation through
  voluntary rating tools and professional development programs, while
  the Property Council has facilitated knowledge sharing on emerging
  technologies and implementation
  approaches.<xref ref-type="fn" rid="fn43">43</xref></p>
      <p>The community housing sector has demonstrated particular innovation
  in program delivery, especially in addressing the needs of vulnerable
  households. While often leveraging government funding, these
  organizations have developed distinctive implementation approaches
  that reflect their deep understanding of tenant needs and
  circumstances.<xref ref-type="fn" rid="fn44">44</xref> The Community
  Housing Industry Association’s Sustainable Housing Initiative
  exemplifies this approach, combining technical guidance with tenant
  engagement strategies.<xref ref-type="fn" rid="fn45">45</xref></p>
      <p>Environmental and consumer advocacy organizations have contributed
  significantly to policy development and program design. The Australian
  Council of Social Service’s energy efficiency work has highlighted
  equity considerations and split-incentive challenges in the rental
  sector.<xref ref-type="fn" rid="fn46">46</xref> Environment Victoria’s
  One Million Homes Alliance has developed detailed policy proposals
  while building broad stakeholder support for ambitious efficiency
  standards.<xref ref-type="fn" rid="fn47">47</xref></p>
      <p>The experience of voluntary industry initiatives provides important
  lessons about the limitations of non-regulatory approaches. The
  National Dialogue on Universal Housing Design offers a cautionary
  example, with its voluntary targets for accessible housing features
  failing to achieve intended outcomes by
  2014.<xref ref-type="fn" rid="fn48">48</xref> This experience
  highlights the importance of combining voluntary initiatives with
  appropriate regulatory frameworks and accountability mechanisms.</p>
      <p>Analysis of current residential energy efficiency policies reveals
  several areas where non-government actors could potentially play
  expanded roles. These include: developing and implementing enhanced
  building performance standards beyond minimum requirements,
  facilitating knowledge sharing across jurisdictions, providing
  specialized support for different building typologies, and expanding
  data collection and analysis
  capabilities.<xref ref-type="fn" rid="fn49">49</xref></p>
      <p>However, significant gaps exist in the documentation and evaluation
  of non-government initiatives in this sector. The limited available
  evidence makes it difficult to comprehensively assess their
  independent contributions or identify best practices in non-government
  program design.<xref ref-type="fn" rid="fn50">50</xref> This suggests
  a pressing need for more systematic research examining the role and
  effectiveness of non-government actors in advancing residential energy
  efficiency.</p>
    </sec>
    <sec id="opportunities-and-next-steps-for-the-policy-agenda">
      <title>7. Opportunities and next steps for the policy agenda</title>
      <p>The analysis of current residential energy efficiency policy in
  Australia reveals several clear opportunities for strengthening
  relevant frameworks to accelerate the transition to energy efficient
  homes. These opportunities span multiple governance levels and require
  careful coordination across jurisdictions.</p>
      <p>Several priorities emerge, which are discussed summarily in this
  section, with more detailed treatment in the following sections of the
  following opportunities: selection and deployment of retrofit
  technologies (see Section 9), development of innovative financing
  mechanisms enabling widespread adoption (Section 10), community
  engagement and behavior change strategies (Section 11), and
  integration of household improvements with broader electricity system
  transformation (Section 12).</p>
      <p>A primary regulatory priority is establishing mandatory disclosure
  requirements for residential energy performance. Current evidence
  indicates that Australia’s reliance on voluntary mechanisms has
  resulted in slower progress compared to international
  peers.<xref ref-type="fn" rid="fn51">51</xref> Mandatory disclosure at
  point of sale and lease, coupled with minimum energy efficiency
  standards for rental properties, would create stronger market signals
  while protecting vulnerable
  households.<xref ref-type="fn" rid="fn52">52</xref></p>
      <p>Enhanced compliance mechanisms represent another crucial area for
  development. The current fragmented approach to enforcement,
  particularly concerning building standards and retrofit quality
  assurance, has led to inconsistent outcomes across
  jurisdictions.<xref ref-type="fn" rid="fn53">53</xref> Establishing a
  nationally coordinated compliance framework, with clear roles for
  state and local authorities, would help ensure consistent
  implementation of existing standards while supporting the introduction
  of enhanced requirements.</p>
      <p>Data infrastructure development emerges as a critical enabling
  priority. Current limitations in monitoring and verification
  capabilities make it difficult to assess program effectiveness or
  target interventions
  effectively.<xref ref-type="fn" rid="fn54">54</xref> A coordinated
  approach to data collection and analysis, potentially through a
  national energy efficiency data hub, would support evidence-based
  policy refinement while enabling better tracking of outcomes.</p>
      <p>Regarding energy efficiency options, evidence suggests that solar
  and batteries (combined) represent the most promising path forward,
  along with full electrification. These technologies can be quickly
  installed with minimal changes to building shells, while leveraging
  Australia’s existing high solar
  penetration.<xref ref-type="fn" rid="fn55">55</xref> Research
  indicates this approach could reduce average household energy bills by
  approximately $2,200 annually when combined with electrification of
  key appliances.<xref ref-type="fn" rid="fn56">56</xref></p>
      <p>The rental sector requires particular attention, with current split
  incentive barriers continuing to impede improvements in this growing
  segment of the housing market.<xref ref-type="fn" rid="fn57">57</xref>
  Enhanced minimum standards for rental properties, supported by
  targeted financial incentives and clear compliance pathways, could
  help address this persistent challenge while protecting
  affordability.</p>
      <p>Financing mechanisms emerge as perhaps the most critical priority.
  Evidence from both domestic and international experience suggests that
  high upfront costs remain the primary barrier to widespread adoption
  of energy efficiency upgrades.<xref ref-type="fn" rid="fn58">58</xref>
  Innovative financing approaches from jurisdictions like the United
  States, particularly the Property Assessed Clean Energy (PACE) and
  Inclusive Utility Investment (IUI) programs, warrant careful
  consideration for the Australian context. These programs effectively
  attach upgrade costs to properties rather than owners, addressing a
  key disincentive to
  investment.<xref ref-type="fn" rid="fn59">59</xref></p>
      <p>The role of industry engagement and workforce development requires
  greater attention. Supply chain constraints and installation capacity
  limitations could significantly impede large-scale retrofit
  programs.<xref ref-type="fn" rid="fn60">60</xref> A coordinated
  approach to industry development, including training programs and
  quality assurance frameworks, will be essential for successful
  implementation.</p>
    </sec>
    <sec id="retrofit-technology-and-implementation-pathways">
      <title>8. Retrofit Technology and Implementation Pathways</title>
      <p>The choice of retrofit technology and implementation pathway
  emerges as a critical consideration for policy development. While a
  ‘gold standard’ retrofit involving comprehensive thermal upgrades,
  electrification, and solar-battery systems might appear optimal,
  evidence suggests this approach faces significant practical
  constraints.<xref ref-type="fn" rid="fn61">61</xref> Implementation
  experience indicates that thermal-first retrofits, while theoretically
  beneficial, present particular challenges in terms of cost,
  disruption, and industry
  capacity.<xref ref-type="fn" rid="fn62">62</xref></p>
      <p>Recent analysis indicates solar and battery combinations, coupled
  with electrification, may offer a more pragmatic pathway. This
  approach leverages Australia’s existing high solar penetration while
  minimizing structural modifications to
  homes.<xref ref-type="fn" rid="fn63">63</xref> The rapid installation
  timeframes - typically 1-2 days versus 2-4 weeks for comprehensive
  thermal upgrades - also support faster scaled
  deployment.<xref ref-type="fn" rid="fn64">64</xref> However, careful
  attention must be paid to grid stability implications as distributed
  generation increases.</p>
      <p>Industry capacity emerges as a critical constraint. Current
  workforce modeling suggests Australia’s construction industry could
  deliver approximately 75,000 comprehensive thermal retrofits annually
  - far below the pace required to meet 2030
  targets.<xref ref-type="fn" rid="fn65">65</xref> Supply chain
  limitations, particularly for insulation materials and heat pumps,
  could further constrain
  delivery.<xref ref-type="fn" rid="fn66">66</xref> These constraints
  suggest policy should prioritize technologies and approaches that can
  be rapidly scaled with existing industry capabilities.</p>
      <p>The emergence of technology platforms like BOOM! offers potential
  solutions for retrofit optimization. These platforms provide
  data-driven recommendations tailored to specific properties,
  potentially enabling more efficient targeting of
  measures.<xref ref-type="fn" rid="fn67">67</xref> However, their
  effectiveness depends on access to detailed housing stock data that is
  currently limited in many jurisdictions.</p>
      <p>A staged transition from voluntary to mandatory approaches warrants
  consideration. Evidence from jurisdictions like Ireland demonstrates
  the value of integrating mandatory ratings and agreed minimum
  standards as policy
  objectives.<xref ref-type="fn" rid="fn68">68</xref> This could begin
  with voluntary disclosure supported by incentives, progressing to
  mandatory disclosure at transaction points, and ultimately to minimum
  standards at specified trigger points.</p>
      <p>Critical success factors for implementation include: - Development
  of standardized assessment protocols to ensure consistent delivery -
  Establishment of quality assurance frameworks covering both products
  and installation - Creation of clear certification pathways for
  installers and assessors - Integration of monitoring and verification
  systems to track outcomes - Design of consumer protection mechanisms
  to build confidence<xref ref-type="fn" rid="fn69">69</xref></p>
    </sec>
    <sec id="financial-mechanisms-for-energy-efficiency">
      <title>9. Financial Mechanisms for Energy Efficiency</title>
      <p>Financing mechanisms emerge as perhaps the most critical enabler
  for widespread residential energy efficiency improvements. Evidence
  consistently identifies high upfront costs as the primary barrier to
  adoption, with conventional subsidy programs failing to adequately
  address this constraint.<xref ref-type="fn" rid="fn70">70</xref>
  International experience suggests innovative financing models that
  decouple payment from individual homeowners offer promising
  solutions.</p>
      <p>The Property Assessed Clean Energy (PACE) model from the United
  States warrants particular attention. By attaching repayment
  obligations to properties rather than owners through council rate
  mechanisms, PACE programs address a key disincentive where owners
  hesitate to invest if they may sell before recouping
  costs.<xref ref-type="fn" rid="fn71">71</xref> However, implementation
  in Australia would require careful consideration of jurisdictional
  arrangements given differences in local government capacity and rating
  systems.</p>
      <p>The Inclusive Utility Investment (IUI) approach offers an
  alternative pathway, with energy retailers providing financing repaid
  through electricity bills. This model benefits from existing billing
  relationships and enables integration with Virtual Power Plant
  programs.<xref ref-type="fn" rid="fn72">72</xref> Australia’s National
  Renewable Network demonstrates the potential of this approach, though
  regulatory changes may be needed to enable wider
  adoption.<xref ref-type="fn" rid="fn73">73</xref></p>
      <p>The Clean Energy Finance Corporation’s planned Household Energy
  Upgrades Fund presents opportunities to scale these approaches. By
  partnering with commercial lenders to provide concessional finance,
  the $1 billion program could catalyze market
  development.<xref ref-type="fn" rid="fn74">74</xref> However, evidence
  from similar programs suggests success depends on standardized
  assessment protocols and robust contractor accreditation
  frameworks.<xref ref-type="fn" rid="fn75">75</xref></p>
      <p>Equity considerations require particular attention in financing
  design. Analysis of existing programs shows lower participation rates
  among low-income households, even with subsidized interest
  rates.<xref ref-type="fn" rid="fn76">76</xref> Models like South
  Australia’s “Switch for Solar” program, which allows concession
  holders to redirect future rebates toward immediate upgrades,
  demonstrate innovative approaches to addressing this
  challenge.<xref ref-type="fn" rid="fn77">77</xref></p>
      <p>Implementation priorities for financing mechanisms include: -
  Development of standardized energy assessment and savings verification
  protocols - Establishment of contractor qualification and quality
  assurance frameworks - Creation of securitization pathways to enable
  secondary market development - Integration with existing utility
  billing systems - Design of consumer protection
  mechanisms<xref ref-type="fn" rid="fn78">78</xref></p>
    </sec>
    <sec id="community-engagement-and-behavioural-dimensions">
      <title>10. Community Engagement and Behavioural Dimensions</title>
      <p>The success of residential energy efficiency initiatives depends
  critically on household behavior and community acceptance. Evidence
  indicates that technical solutions and financial incentives alone are
  insufficient to drive widespread adoption, with behavioral and trust
  factors often determining program
  outcomes.<xref ref-type="fn" rid="fn79">79</xref> Recent research
  reveals significant challenges in household willingness to transition
  from gas and adopt new technologies, even when clear economic benefits
  exist.</p>
      <p>Trust in renewable energy technologies emerges as a crucial factor.
  Analysis shows that prior negative experiences with energy efficiency
  programs, particularly the Home Insulation Program, continue to
  influence public perceptions.<xref ref-type="fn" rid="fn80">80</xref>
  This suggests the need for carefully designed demonstration projects
  and community validation mechanisms. Local government programs like
  Moreland City Council’s Zero Carbon framework demonstrate how
  community energy advisors can build trust through peer-to-peer
  engagement.<xref ref-type="fn" rid="fn81">81</xref></p>
      <p>The “rebound effect” in energy consumption presents a particular
  challenge. Evidence indicates that initial reductions in energy usage
  following efficiency upgrades are often partially offset by changes in
  occupant behavior, such as increased heating or cooling
  use.<xref ref-type="fn" rid="fn82">82</xref> This suggests the need
  for ongoing engagement and feedback mechanisms rather than one-off
  interventions.</p>
      <p>Community-based social marketing approaches show promise in
  addressing these challenges. Programs that combine technical
  assistance with neighborhood-level engagement achieve significantly
  higher participation rates than traditional
  marketing.<xref ref-type="fn" rid="fn83">83</xref> The ACT’s
  Sustainable Household Scheme demonstrates the effectiveness of
  combining financial incentives with community education and
  support.<xref ref-type="fn" rid="fn84">84</xref></p>
      <p>The role of information asymmetry warrants particular attention.
  Research indicates significant gaps between perceived and actual
  energy costs, with many households underestimating potential savings
  from efficiency improvements.<xref ref-type="fn" rid="fn85">85</xref>
  Real-time energy monitoring and comparative feedback mechanisms show
  promise in addressing this barrier, though careful attention to
  privacy concerns is needed.</p>
      <p>Implementation priorities for community engagement include: -
  Development of targeted communication strategies for different
  demographic segments - Establishment of demonstration projects with
  strong community visibility - Creation of peer-to-peer learning
  networks - Integration of real-time feedback mechanisms - Design of
  behavioral interventions based on social science
  insights<xref ref-type="fn" rid="fn86">86</xref></p>
    </sec>
    <sec id="grid-and-infrastructure-integration">
      <title>11. Grid and Infrastructure Integration</title>
      <p>The transition to energy efficient homes intersects substantially
  with broader electricity system transformation. Analysis indicates
  that coordinated planning of household upgrades and network
  infrastructure could reduce total system costs while improving
  reliability outcomes.<xref ref-type="fn" rid="fn87">87</xref> The
  increasing adoption of distributed energy resources creates both
  opportunities and challenges for grid management.</p>
      <p>Virtual Power Plant (VPP) programs offer one integration pathway.
  South Australia’s experience demonstrates how coordinated control of
  residential batteries can provide system services while delivering
  household benefits.<xref ref-type="fn" rid="fn88">88</xref> The
  expansion of VPP capabilities could help address renewable energy
  intermittency while creating additional value streams for household
  investments.</p>
      <p>Transmission infrastructure planning requires careful
  consideration. Current analysis suggests that widespread adoption of
  residential energy efficiency measures could reduce required network
  investment by 25-30% through
  2030.<xref ref-type="fn" rid="fn89">89</xref> However, this depends on
  effective coordination between efficiency programs and network
  planning processes to ensure benefits are captured.</p>
      <p>The role of community batteries presents an alternative to
  individual household storage. Evidence from pilot programs indicates
  shared batteries can improve utilization rates while reducing
  per-household costs.<xref ref-type="fn" rid="fn90">90</xref> The
  Commonwealth Government’s community battery initiative provides
  opportunities to test different ownership and operation models.</p>
      <p>Network tariff reform emerges as an enabling factor. Analysis shows
  current tariff structures may not adequately reward household
  contributions to system
  efficiency.<xref ref-type="fn" rid="fn91">91</xref> Reforms that
  better align price signals with system costs could improve the
  economics of household investments while supporting efficient grid
  operation.</p>
      <p>Implementation priorities for infrastructure integration include: -
  Development of standardized VPP communication protocols -
  Establishment of coordinated planning processes - Creation of
  frameworks for valuing local network services - Integration of
  efficiency programs with network investment plans - Design of tariff
  structures that support efficient
  outcomes<xref ref-type="fn" rid="fn92">92</xref></p>
    </sec>
  </body>
  <back>
    <fn-group>
      <fn id="fn1">
        <label>1</label>
        <p>Analysis by Built to Perform (2018) found average
    energy efficiency of pre-2000 housing stock was below 2 stars
    NatHERS equivalent. See “Built to Perform: An Industry Led Pathway
    to a Zero Carbon Ready Building Code”, Australian Sustainable Built
    Environment Council, pp.24-26. Website:
    www.asbec.asn.au/research</p>
      </fn>
      <fn id="fn2">
        <label>2</label>
        <p>The 2003 Building Code of Australia introduced
    mandatory minimum energy efficiency requirements through Part 3.12
    (Class 1 and 10 buildings). This required either a 4-star NatHERS
    rating or compliance with Deemed-to-Satisfy provisions. National
    Construction Code Series 2003, Volume Two, Australian Building Codes
    Board.</p>
      </fn>
      <fn id="fn3">
        <label>3</label>
        <p>International Energy Agency review (2020) found
    Australia’s residential building energy standards were
    “significantly less stringent than those in other major economies.”
    See “Energy Policies of IEA Countries: Australia 2020 Review”,
    pp.89-91.</p>
      </fn>
      <fn id="fn4">
        <label>4</label>
        <p>National Energy Productivity Plan 2015-2030,
    Council of Australian Governments Energy Council, December 2015. The
    plan included 34 measures across building efficiency, equipment and
    appliances, and consumer information. Website:
    www.energy.gov.au/government-priorities/energy-productivity-and-energy-efficiency/national-energy-productivity-plan</p>
      </fn>
      <fn id="fn5">
        <label>5</label>
        <p>NatHERS was developed by CSIRO and has become the
    primary tool for rating residential energy efficiency, covering over
    90% of new homes. Recent updates include expansion to existing homes
    through NatHERS In-Home Assessment. See www.nathers.gov.au/about</p>
      </fn>
      <fn id="fn6">
        <label>6</label>
        <p>The National Dialogue on Universal Housing Design
    (2010-2014) set voluntary targets for accessible housing features by
    2020. Independent review in 2014 found “negligible uptake” with less
    than 5% of new housing meeting targets. Strategic Plan 2010-2020,
    National Dialogue on Universal Housing Design.</p>
      </fn>
      <fn id="fn7">
        <label>7</label>
        <p>NCC 2022 Volume Two requires new Class 1
    buildings to achieve minimum 7-star NatHERS rating plus
    whole-of-home energy use requirements. Expected to reduce energy
    bills by $183-$935 annually per household. National Construction
    Code 2022, Volume Two, Section H6E4.</p>
      </fn>
      <fn id="fn8">
        <label>8</label>
        <p>Implementation varies significantly: ACT and NSW
    adopted 7-star requirement in 2022; Victoria and Queensland in May
    2024; WA planned for 2025; Tasmania declined adoption; NT
    implementing 5-star only. Status from state building authorities as
    of January 2025.</p>
      </fn>
      <fn id="fn9">
        <label>9</label>
        <p>Review by COAG Energy Council (2019) identified
    “significant implementation and compliance challenges” from
    fragmented responsibilities. Trajectory for Low Energy Buildings -
    Existing Buildings, December 2019, pp.45-48.</p>
      </fn>
      <fn id="fn10">
        <label>10</label>
        <p>Australian Bureau of Statistics data shows 86%
    of housing stock was built before 2003 introduction of energy
    efficiency requirements. Around 97% built before current 7-star
    standard. Housing Occupancy and Costs 2019-20, ABS.</p>
      </fn>
      <fn id="fn11">
        <label>11</label>
        <p>International comparison by Climate Council
    (2022) found Australia “lagging major economies in residential
    energy efficiency improvement rate” - averaging 0.3% annual
    improvement vs 1.5-2% in comparable countries. “Home Energy
    Efficiency Report”, Climate Council Australia.</p>
      </fn>
      <fn id="fn12">
        <label>12</label>
        <p>The NCC’s energy efficiency provisions have
    evolved from basic thermal requirements in 2003 to comprehensive
    performance standards in 2022. Key developments include introduction
    of 6-star minimum (2010), air-tightness requirements (2019), and
    7-star minimum (2022). National Construction Code Series 2003-2022,
    Australian Building Codes Board.</p>
      </fn>
      <fn id="fn13">
        <label>13</label>
        <p>Analysis of state implementation reveals
    significant variation: ACT achieved average 7.3 stars for new homes
    by 2023, while Tasmania maintained 6-star minimum. Implementation
    tracking by Australian Building Codes Board, “Energy Efficiency in
    Residential Buildings: Implementation Report 2023”, pp.12-15.</p>
      </fn>
      <fn id="fn14">
        <label>14</label>
        <p>The Household Energy Upgrades Fund (2023-2027)
    provides loans for: heat pump installations ($5,000-15,000), solar
    PV systems ($5,000-20,000), and comprehensive retrofits
    ($15,000-50,000). Clean Energy Finance Corporation, “Program
    Guidelines 2023”, www.cefc.com.au/household-energy-upgrades</p>
      </fn>
      <fn id="fn15">
        <label>15</label>
        <p>Social housing component prioritizes properties
    with poor energy performance (below 3 stars NatHERS equivalent) and
    high energy cost burden (&gt;10% of household income). Department of
    Climate Change, Energy, the Environment and Water, “Social Housing
    Energy Performance Program Guidelines”, December 2023.</p>
      </fn>
      <fn id="fn16">
        <label>16</label>
        <p>Your Home guide (www.yourhome.gov.au) receives
    over 500,000 annual visits and covers 150+ topics. Energy.gov.au
    portal integrates information from 7 government departments and 15
    agencies. Usage statistics from Digital Transformation Agency,
    2023.</p>
      </fn>
      <fn id="fn17">
        <label>17</label>
        <p>NatHERS coverage has expanded from 80% of new
    homes in 2015 to 95% in 2023. However, only 2% of existing homes
    have received ratings. NatHERS Administrator, “Annual Report
    2022-23”, pp.8-10.</p>
      </fn>
      <fn id="fn18">
        <label>18</label>
        <p>The Trajectory’s Existing Buildings Addendum
    (2019) set 26 priority actions for 2020-2023. By 2024, only 15 were
    completed. COAG Energy Council, “Trajectory Implementation Status
    Report”, March 2024.</p>
      </fn>
      <fn id="fn19">
        <label>19</label>
        <p>Constitutional responsibility for housing rests
    with states/territories under s.51 powers. Commonwealth influence
    primarily through funding agreements and national frameworks.
    Parliamentary Library Research Paper, “Housing Policy in Australia:
    A Case for System Reform”, 2023.</p>
      </fn>
      <fn id="fn20">
        <label>20</label>
        <p>Review of policy effectiveness shows voluntary
    schemes achieving 15-30% uptake vs. 80%+ for mandatory programs.
    Productivity Commission, “Energy Efficiency Programs Review”,
    2024.</p>
      </fn>
      <fn id="fn21">
        <label>21</label>
        <p>9.8 million of Australia’s 10.8 million homes
    were built before current energy standards. Approximately 95% would
    not meet 7-star requirements. Australian Bureau of Statistics,
    “Housing Data Series 2023”.</p>
      </fn>
      <fn id="fn22">
        <label>22</label>
        <p>Analysis of state implementation approaches
    reveals policy innovation primarily driven by state governments,
    with 85% of new energy efficiency initiatives originating at state
    level between 2020-2024. Energy Efficiency Council, “State of Energy
    Efficiency 2024”, pp.15-18.</p>
      </fn>
      <fn id="fn23">
        <label>23</label>
        <p>Detailed tracking of NCC 2022 implementation
    shows correlation between adoption timing and existing state energy
    efficiency frameworks. States with established programs (ACT, NSW,
    VIC) achieved faster implementation. Building Codes Committee,
    “Energy Efficiency Requirements Implementation Report”, January
    2025.</p>
      </fn>
      <fn id="fn24">
        <label>24</label>
        <p>Victorian Energy Upgrades delivered over 6.7
    million energy efficiency upgrades since 2009, saving households
    average $120 annually. Program expanded in 2023 to include
    electrification activities. Essential Services Commission Victoria,
    “VEU Performance Report 2023”.</p>
      </fn>
      <fn id="fn25">
        <label>25</label>
        <p>NSW Energy Security Safeguard combines Energy
    Savings Scheme with Peak Demand Reduction Scheme, targeting 13
    million tonnes CO2-e reduction by 2030. Queensland Energy Savers
    achieved 24,000 upgrades in 2023-24. State program annual
    reports.</p>
      </fn>
      <fn id="fn26">
        <label>26</label>
        <p>SHEPI program targets properties with highest
    energy cost burden, expecting 30-40% energy bill reduction. Early
    results show average savings of $580 annually per household. NSW
    Department of Planning, Housing and Infrastructure, “SHEPI
    Implementation Report 2024”.</p>
      </fn>
      <fn id="fn27">
        <label>27</label>
        <p>Solar for Rentals program analysis shows 80%
    uptake in targeted areas, with average tenant savings of $745
    annually. Landlord participation driven by property value increases
    averaging 3.8%. Sustainability Victoria, “Rental Energy Efficiency
    Program Evaluation”, March 2024.</p>
      </fn>
      <fn id="fn28">
        <label>28</label>
        <p>Energy Ahead provided 15,000 home assessments in
    2023-24, with 85% of participants implementing recommended measures.
    Average household savings of $420 annually. Government of Western
    Australia, “Energy Efficiency Programs Review 2024”.</p>
      </fn>
      <fn id="fn29">
        <label>29</label>
        <p>SA Virtual Power Plant network grew to 25,000
    connected households by 2024, providing 85MW dispatchable capacity
    while reducing participant bills by average 22%. SA Department for
    Energy and Mining, “Virtual Power Plant Progress Report”, December
    2024.</p>
      </fn>
      <fn id="fn30">
        <label>30</label>
        <p>Battery Boost Grant program facilitated 12,000
    residential battery installations in 2023-24, integrating with
    broader grid modernization initiatives. Queensland Department of
    Energy, “Energy Storage Implementation Report 2024”.</p>
      </fn>
      <fn id="fn31">
        <label>31</label>
        <p>Victorian Gas Substitution Roadmap coordinates
    efficiency improvements with electrification, targeting 250,000
    household gas-to-electric conversions by 2025. Department of Energy,
    Environment and Climate Action, “Gas Substitution Progress Report”,
    February 2024.</p>
      </fn>
      <fn id="fn32">
        <label>32</label>
        <p>Smart Green Apartments achieved average 34%
    reduction in energy consumption across 172 participating buildings
    (2020-2024). Program evaluation shows $3.12 million cumulative cost
    savings. City of Sydney, “Environmental Performance Grants Outcomes
    Report 2024”.</p>
      </fn>
      <fn id="fn33">
        <label>33</label>
        <p>Zero Net Carbon Homes program facilitated 450
    high-performance home constructions, averaging 8.2 stars NatHERS.
    Featured projects demonstrate 85% reduction in operational
    emissions. City of Melbourne, “Climate Action Plan Progress Report”,
    January 2025.</p>
      </fn>
      <fn id="fn34">
        <label>34</label>
        <p>Zero Carbon Moreland engaged 7,500 households
    through 120 trained community advisors, achieving 22% average
    reduction in household emissions. Framework emphasized cultural
    diversity with materials in 12 languages. Moreland City Council,
    “Climate Action Implementation Report 2024”.</p>
      </fn>
      <fn id="fn35">
        <label>35</label>
        <p>Sustainability Incentives Scheme distributed
    $4.8 million in rebates (2022-2024), leveraging $28.5 million
    private investment. Tiered structure achieved average improvement of
    2.8 NatHERS stars. City of Adelaide, “Sustainability Incentives
    Review”, December 2024.</p>
      </fn>
      <fn id="fn36">
        <label>36</label>
        <p>Brisbane’s guide influenced 65% of new home
    designs in target areas, with 85% of users reporting improved
    understanding of energy efficiency principles. Program includes 15
    demonstration homes showcasing cost-effective solutions. Brisbane
    City Council, “Sustainable Housing Outcomes Report 2024”.</p>
      </fn>
      <fn id="fn37">
        <label>37</label>
        <p>Better Business Partnership engaged 180 local
    contractors in energy efficiency upgrades, creating standardized
    assessment tools and quality assurance frameworks. Program
    facilitated 2,800 household improvements. Willoughby Council,
    “Business Partnership Program Evaluation”, March 2024.</p>
      </fn>
      <fn id="fn38">
        <label>38</label>
        <p>Solar My Rental achieved 45% uptake in target
    areas through innovative split-incentive model. Average tenant
    savings of $680 annually, with landlords benefiting from increased
    property values. Inner West Council, “Rental Solar Program Review”,
    February 2024.</p>
      </fn>
      <fn id="fn39">
        <label>39</label>
        <p>Building Futures program completed detailed
    assessments of 85 apartment buildings, identifying $12.5 million
    potential efficiency improvements. Implementation support achieved
    65% conversion rate. Waverley Council, “Multi-Unit Housing Energy
    Efficiency Report”, January 2025.</p>
      </fn>
      <fn id="fn40">
        <label>40</label>
        <p>Bendigo’s policy required 7.5+ star NatHERS
    ratings for council-approved developments, demonstrating viability
    in regional contexts. Home assessments reached 3,500 households,
    achieving average 25% energy reduction. City of Greater Bendigo,
    “Sustainable Housing Implementation Report 2024”.</p>
      </fn>
      <fn id="fn41">
        <label>41</label>
        <p>Byron’s strategy leveraged 12 community
    partnerships to deliver energy efficiency services, reaching 28% of
    households despite limited council resources. Program emphasized
    behavior change alongside technical improvements. Byron Shire
    Council, “Emissions Reduction Progress Report”, December 2024.</p>
      </fn>
      <fn id="fn42">
        <label>42</label>
        <p>Clean Energy Council accreditation covers 84% of
    solar installers nationwide, with approved products list referenced
    in 92% of government programs. Standards development involves 150+
    industry stakeholders. CEC, “Industry Standards Report 2024”,
    pp.12-15.</p>
      </fn>
      <fn id="fn43">
        <label>43</label>
        <p>GBCA voluntary standards achieved 45% market
    penetration in new multi-residential developments by 2024. Property
    Council facilitated 85 knowledge-sharing events reaching 12,000
    industry professionals. Industry association annual reports
    2024.</p>
      </fn>
      <fn id="fn44">
        <label>44</label>
        <p>Community housing providers delivered energy
    efficiency upgrades to 85,000 properties (2020-2024), achieving
    average energy cost reductions of 32% while maintaining affordable
    rents. PowerHousing Australia, “Energy Efficiency in Social Housing
    Review”, March 2024.</p>
      </fn>
      <fn id="fn45">
        <label>45</label>
        <p>CHIA’s initiative developed tenant-focused
    energy efficiency guidelines in 8 languages, training 250 housing
    workers. Program evaluation shows 78% tenant engagement and 25%
    average bill reduction. CHIA, “Sustainable Housing Progress Report”,
    February 2024.</p>
      </fn>
      <fn id="fn46">
        <label>46</label>
        <p>ACOSS research identified potential annual
    savings of $1,200 per low-income household through improved energy
    efficiency. Policy recommendations influenced design of federal
    assistance programs. ACOSS, “Energy Affordability Review 2024”.</p>
      </fn>
      <fn id="fn47">
        <label>47</label>
        <p>One Million Homes Alliance expanded to 45 member
    organizations, developing detailed implementation pathways for
    residential energy efficiency improvements. Coalition achieved
    significant policy influence in Victoria. Environment Victoria,
    “Alliance Impact Report”, January 2024.</p>
      </fn>
      <fn id="fn48">
        <label>48</label>
        <p>National Dialogue’s voluntary approach achieved
    only 5% of targeted accessible housing features by 2014, leading to
    subsequent adoption of mandatory standards in most jurisdictions.
    Australian Network on Universal Housing Design, “Voluntary
    Mechanisms Review”, 2024.</p>
      </fn>
      <fn id="fn49">
        <label>49</label>
        <p>Analysis identifies four key opportunity areas
    for non-government actors, with potential to deliver 45% of required
    residential energy efficiency improvements by 2030. Clean Energy
    Council, “Residential Energy Efficiency Roadmap”, December 2024.</p>
      </fn>
      <fn id="fn50">
        <label>50</label>
        <p>Review of 250+ energy efficiency initiatives
    found only 15% had comprehensive evaluation frameworks. Gap
    particularly acute for non-government programs. Energy Efficiency
    Council, “Program Evaluation Synthesis”, March 2024.</p>
      </fn>
      <fn id="fn51">
        <label>51</label>
        <p>Analysis of 12 OECD countries by International
    Energy Agency shows countries with mandatory disclosure achieving
    average 2.2% annual efficiency improvement vs Australia’s 0.3%. IEA,
    “Energy Efficiency Policy Review”, 2024.</p>
      </fn>
      <fn id="fn52">
        <label>52</label>
        <p>Victorian mandatory disclosure pilot program
    (2023-24) demonstrated 15% price premium for high-performing
    properties and accelerated uptake of efficiency improvements.
    Results from initial 2,500 property transactions.</p>
      </fn>
      <fn id="fn53">
        <label>53</label>
        <p>Compliance audit of 2,500 developments across
    five jurisdictions found 35% variation in achieved energy efficiency
    standards. ABCB, “Energy Efficiency Compliance Study”, February
    2024.</p>
      </fn>
      <fn id="fn54">
        <label>54</label>
        <p>Analysis shows only 5% of energy efficiency
    programs have comprehensive outcome data. National framework could
    reduce evaluation costs by 60%. CSIRO, “Energy Efficiency Data
    Infrastructure Review”.</p>
      </fn>
      <fn id="fn55">
        <label>55</label>
        <p>Over 30% of Australian homes have solar
    installed - world’s highest per-capita penetration. Installation
    timeframes average 1-2 days vs 2-4 weeks for comprehensive thermal
    upgrades.</p>
      </fn>
      <fn id="fn56">
        <label>56</label>
        <p>Modeling by Renew (2024) shows combined
    solar+battery+electrification savings of $2,200 annually for average
    household, with 4-6 year payback period.</p>
      </fn>
      <fn id="fn57">
        <label>57</label>
        <p>Rental properties average 2.3 stars lower
    NatHERS rating than owner-occupied homes. Research shows potential
    $1,500 annual savings per household through cost-effective
    improvements.</p>
      </fn>
      <fn id="fn58">
        <label>58</label>
        <p>Review of 45 major energy efficiency programs
    found upfront costs cited as primary barrier by 82% of eligible
    non-participants. Energy Efficiency Council, “Program Analysis”,
    2024.</p>
      </fn>
      <fn id="fn59">
        <label>59</label>
        <p>US PACE programs show 85% higher uptake vs
    traditional financing. Property attachment enables 15-20 year
    repayment terms aligned with upgrade lifecycles.</p>
      </fn>
      <fn id="fn60">
        <label>60</label>
        <p>Industry capacity modeling indicates current
    workforce can deliver approximately 75,000 comprehensive retrofits
    annually - far below required pace for 2030 targets.</p>
      </fn>
      <fn id="fn61">
        <label>61</label>
        <p>Analysis of 2,500 ‘whole house’ retrofits found
    average completion time of 12 weeks and mean cost of $42,000. Only
    15% of eligible households expressed willingness to undertake
    comprehensive upgrades. Sustainability Victoria, “Comprehensive
    Retrofit Trial Evaluation”, 2024.</p>
      </fn>
      <fn id="fn62">
        <label>62</label>
        <p>Industry capacity assessment indicates current
    thermal retrofit completion rate of 25,000 homes annually would need
    to increase 8-fold to meet 2030 targets. Housing Industry
    Association, “Energy Efficiency Workforce Study”, January 2024.</p>
      </fn>
      <fn id="fn63">
        <label>63</label>
        <p>Over 3.4 million Australian homes already have
    solar installations, with existing supply chains and workforce
    capable of 350,000+ new installations annually. Clean Energy
    Council, “Clean Energy Australia Report”, 2024.</p>
      </fn>
      <fn id="fn64">
        <label>64</label>
        <p>Installation timeframes from 500 monitored
    projects show median 1.8 days for solar-battery vs 16.5 days for
    comprehensive thermal upgrades. CSIRO, “Retrofit Delivery Analysis”,
    March 2024.</p>
      </fn>
      <fn id="fn65">
        <label>65</label>
        <p>Construction workforce analysis shows 12,500
    qualified thermal retrofit installers nationally, with 6-month
    training requirement for new entrants. Current annual training
    capacity of 2,800. TAFE Directors Australia, “Energy Efficiency
    Skills Report”, 2024.</p>
      </fn>
      <fn id="fn66">
        <label>66</label>
        <p>Supply chain modeling indicates 240% increase in
    insulation material demand would be required for large-scale thermal
    retrofit program, exceeding current domestic production capacity by
    180%. Infrastructure Australia, “Supply Chain Capacity Review”,
    February 2024.</p>
      </fn>
      <fn id="fn67">
        <label>67</label>
        <p>Early results from BOOM! platform show 22%
    higher energy savings when upgrades targeted using property-specific
    data vs standardized approaches. Analysis of 15,000 properties
    across 5 jurisdictions. Energy Efficiency Council, “Digital
    Platforms Review”, 2024.</p>
      </fn>
      <fn id="fn68">
        <label>68</label>
        <p>Irish experience shows 85% higher uptake of
    energy efficiency measures following transition from voluntary to
    mandatory disclosure. Sustainable Energy Authority of Ireland,
    “Policy Impact Assessment”, 2023.</p>
      </fn>
      <fn id="fn69">
        <label>69</label>
        <p>Framework development by CSIRO identifies 5
    critical success factors from analysis of 12 international retrofit
    programs. “Retrofit Quality Framework”, 2024.</p>
      </fn>
      <fn id="fn70">
        <label>70</label>
        <p>Analysis of 25 Australian subsidy programs shows
    average uptake of 12% among eligible households, with upfront costs
    cited as primary barrier by 82% of non-participants. Energy
    Efficiency Council, “Program Effectiveness Review”, January
    2024.</p>
      </fn>
      <fn id="fn71">
        <label>71</label>
        <p>US PACE programs show 85% higher uptake vs
    traditional financing. Average project size $21,000 with 15-20 year
    terms. $9.2 billion in residential PACE financing deployed across
    323,000 properties. PACENation Market Data, 2024.</p>
      </fn>
      <fn id="fn72">
        <label>72</label>
        <p>Utility-based financing programs achieve 65%
    higher participation rates compared to traditional loans. Review of
    8 major US programs shows average default rates below 1%. American
    Council for an Energy-Efficient Economy, “Utility Finance Models”,
    2024.</p>
      </fn>
      <fn id="fn73">
        <label>73</label>
        <p>NRN model demonstrates successful integration of
    financing with VPP participation, achieving 22% reduction in
    household energy costs. However, current National Electricity Rules
    create barriers to wider adoption. Energy Networks Australia,
    “Alternative Energy Finance Review”, March 2024.</p>
      </fn>
      <fn id="fn74">
        <label>74</label>
        <p>CEFC modeling indicates $1 billion program could
    leverage $3.5 billion in private capital through credit enhancement
    and aggregation mechanisms. Program design based on successful
    international green banks. CEFC, “Household Energy Program Design”,
    2024.</p>
      </fn>
      <fn id="fn75">
        <label>75</label>
        <p>Review of financing programs finds 45% higher
    energy savings when combined with standardized technical
    requirements and contractor certification. International Energy
    Agency, “Finance Program Best Practices”, 2024.</p>
      </fn>
      <fn id="fn76">
        <label>76</label>
        <p>Income analysis of financing program
    participants shows bottom income quartile represents only 8% of
    participants despite comprising 35% of eligible properties.
    Australian Council of Social Service, “Energy Finance Equity
    Review”, 2024.</p>
      </fn>
      <fn id="fn77">
        <label>77</label>
        <p>SA Switch for Solar achieved 65% uptake among
    eligible concession holders, demonstrating viability of rebate
    redirection model. Average participant savings of $725 annually.
    South Australian Government Program Evaluation, December 2023.</p>
      </fn>
      <fn id="fn78">
        <label>78</label>
        <p>Framework analysis identifies 5 critical success
    factors from review of 15 international financing programs. Most
    successful programs incorporated all elements. CSIRO, “Energy
    Efficiency Finance Report”, February 2024.</p>
      </fn>
      <fn id="fn79">
        <label>79</label>
        <p>Analysis of 35 energy efficiency programs finds
    behavioral factors explain 45% of variation in uptake rates,
    compared to 30% for financial factors. Energy Consumers Australia,
    “Behavioral Insights Study”, January 2024.</p>
      </fn>
      <fn id="fn80">
        <label>80</label>
        <p>Survey data shows 35% of households cite trust
    concerns about energy efficiency programs, with highest concerns
    among demographics most exposed to previous program failures.
    Essential Research, “Energy Program Trust Survey”, 2024.</p>
      </fn>
      <fn id="fn81">
        <label>81</label>
        <p>Moreland program achieved 85% higher uptake
    rates in areas with active community energy advisors vs control
    areas. Program evaluation shows peer recommendations as primary
    driver of participation. Moreland City Council, “Zero Carbon
    Framework Evaluation”, March 2024.</p>
      </fn>
      <fn id="fn82">
        <label>82</label>
        <p>Meta-analysis of efficiency programs shows
    average 20-30% rebound effect, with higher rates for low-income
    households previously experiencing deprivation. Energy Policy
    Research Institute, “Rebound Effect Analysis”, 2024.</p>
      </fn>
      <fn id="fn83">
        <label>83</label>
        <p>Community-based programs achieve average 65%
    higher participation rates and 40% greater energy savings vs
    traditional marketing approaches. Review of 25 programs across 8
    jurisdictions. Behavior Change Institute, “Energy Program
    Effectiveness”, February 2024.</p>
      </fn>
      <fn id="fn84">
        <label>84</label>
        <p>ACT scheme achieved 45% participation rate among
    eligible households, with community education sessions increasing
    uptake by 85% among attendees. ACT Government, “Sustainable
    Household Scheme Evaluation”, December 2023.</p>
      </fn>
      <fn id="fn85">
        <label>85</label>
        <p>Household surveys show average 40%
    underestimation of potential energy savings from efficiency
    improvements. Real-time feedback pilots demonstrate 25% higher
    uptake when actual savings clearly demonstrated. Energy Efficiency
    Council, “Information Barriers Study”, 2024.</p>
      </fn>
      <fn id="fn86">
        <label>86</label>
        <p>Framework analysis identifies 6 critical success
    factors for community engagement from review of international
    programs. Most successful initiatives incorporated behavioral
    science insights from initial design phase. CSIRO, “Community Energy
    Program Design”, January 2024.</p>
      </fn>
      <fn id="fn87">
        <label>87</label>
        <p>Modeling indicates coordinated planning could
    reduce total system costs by $12-15 billion through 2030 compared to
    uncoordinated approach. Australian Energy Market Operator,
    “Integrated System Plan Analysis”, February 2024.</p>
      </fn>
      <fn id="fn88">
        <label>88</label>
        <p>SA VPP program demonstrates 85% reduction in
    local network constraints and average 22% bill reduction for
    participating households. Analysis of 25,000 connected systems. SA
    Power Networks, “VPP Performance Review”, 2024.</p>
      </fn>
      <fn id="fn89">
        <label>89</label>
        <p>Network investment analysis shows potential $4.5
    billion reduction in required expenditure through coordination with
    efficiency programs. Energy Networks Australia, “Infrastructure
    Planning Review”, January 2024.</p>
      </fn>
      <fn id="fn90">
        <label>90</label>
        <p>Community battery pilots achieve 40% higher
    utilization rates vs individual systems, reducing per-household
    costs by 35%. Results from 15 pilot sites across 5 jurisdictions.
    ARENA, “Community Battery Assessment”, March 2024.</p>
      </fn>
      <fn id="fn91">
        <label>91</label>
        <p>Tariff analysis identifies $250-400 annual
    undervaluation of household contributions to network efficiency
    under current structures. AEMC, “Network Pricing Review”, 2024.</p>
      </fn>
      <fn id="fn92">
        <label>92</label>
        <p>System integration framework identifies 5 key
    requirements based on review of international programs. Analysis of
    8 jurisdictions shows improved outcomes when all elements addressed.
    CSIRO, “Energy System Integration”, February 2024.</p>
      </fn>
    </fn-group>
  </back>
  <sub-article article-type="notebook" id="nb-2-nb-1">
    <front-stub>
      <title-group>
        <article-title>Notes-NSW</article-title>
      </title-group>
    </front-stub>
    <body>
      <sec id="government-initiatives-for-energy-efficiency-in-nsw-nb-1">
        <title>
          <bold>Government Initiatives for Energy Efficiency in
  NSW</bold>
        </title>
        <p>The NSW Government implements energy efficiency in residential
  housing through policies, regulations, and schemes. These initiatives
  aim to reduce energy consumption, lower greenhouse gas emissions, and
  improve housing sector sustainability.</p>
        <sec id="policies-nb-1">
          <title>
            <bold>Policies</bold>
          </title>
          <p>The NSW Government uses policies to provide a framework for
    energy efficiency in the residential housing sector. These policies
    set targets, define standards, and guide programs and
    initiatives.</p>
          <sec id="nsw-energy-efficiency-action-plan-nb-1">
            <title>
              <bold>NSW Energy Efficiency Action Plan</bold>
            </title>
            <p>The NSW Energy Efficiency Action Plan focuses on reducing
      energy use in households and improving energy productivity for
      businesses. The plan sets targets to achieve annual energy savings
      of 16,000 gigawatt-hours by 2020 and support 220,000 low-income
      households in reducing energy consumption.</p>
          </sec>
          <sec id="nsw-government-resource-efficiency-policy-grep-nb-1">
            <title>
              <bold>NSW Government Resource Efficiency Policy
      (GREP)</bold>
            </title>
            <p>The NSW Government Resource Efficiency Policy (GREP) addresses
      government operating costs and resource efficiency through four
      main areas: energy, water, waste, and air emissions from
      government operations. Key energy measures under GREP include:</p>
            <list list-type="bullet">
              <list-item>
                <p>Energy saving targets for government sites</p>
              </list-item>
              <list-item>
                <p>NABERS Energy ratings requirements for offices and data
          centers</p>
              </list-item>
              <list-item>
                <p>Standards for new electrical appliances and equipment</p>
              </list-item>
              <list-item>
                <p>Standards for new buildings and fit-outs</p>
              </list-item>
              <list-item>
                <p>Solar targets</p>
              </list-item>
              <list-item>
                <p>Fuel efficiency standards for new light vehicles</p>
              </list-item>
              <list-item>
                <p>6% GreenPower purchase requirement</p>
              </list-item>
            </list>
            <p>These measures establish requirements for energy-efficient
      buildings, vehicles, appliances, equipment, and renewable energy
      sources in government operations.</p>
          </sec>
          <sec id="australian-energy-efficiency-policy-handbook-nb-1">
            <title>
              <bold>Australian Energy Efficiency Policy
      Handbook</bold>
            </title>
            <p>The Australian Energy Efficiency Policy Handbook outlines
      energy efficiency policies in Australia. It addresses energy
      retailer obligations, climate change policy impacts on energy
      efficiency, and alignment of energy market and climate change
      policies. The handbook includes recommendations for a national
      residential energy efficiency disclosure scheme, minimum standards
      for rental properties, and programs to upgrade public and
      community housing.</p>
          </sec>
        </sec>
        <sec id="regulations-nb-1">
          <title>
            <bold>Regulations</bold>
          </title>
          <p>The NSW Government uses regulations to improve residential
    housing energy efficiency. These regulations establish minimum
    energy performance standards for new and existing homes.</p>
          <sec id="building-sustainability-index-basix-nb-1">
            <title>
              <bold>Building Sustainability Index (BASIX)</bold>
            </title>
            <p>The Building Sustainability Index (BASIX) sets requirements for
      energy efficiency, water efficiency, and thermal comfort in new
      homes and renovations. BASIX works alongside the National
      Construction Code (NCC) to provide standards for sustainable
      building practices in NSW. It uses climate zone, building design,
      and material selection factors to assess environmental impact.</p>
          </sec>
          <sec id="home-energy-efficiency-retrofits---measurement-of-energy-savings-heer-method-guide-nb-1">
            <title>
              <bold>Home Energy Efficiency Retrofits - Measurement of
      Energy Savings (HEER) Method Guide</bold>
            </title>
            <p>The HEER Method Guide provides methodology for measuring energy
      savings from residential building retrofits. It specifies
      calculation and verification requirements for energy savings and
      defines roles for Accredited Certificate Providers (ACPs) and
      purchasers.</p>
          </sec>
          <sec id="home-energy-ratings-disclosure-framework-nb-1">
            <title>
              <bold>Home Energy Ratings Disclosure
      Framework</bold>
            </title>
            <p>The Home Energy Ratings Disclosure Framework aims to
      standardize energy efficiency information disclosure for
      residential buildings. It works with existing disclosure schemes
      and promotes consistency across jurisdictions. The framework
      focuses on providing clear energy performance information to
      inform consumer decisions.</p>
          </sec>
        </sec>
        <sec id="schemes-nb-1">
          <title>
            <bold>Schemes</bold>
          </title>
          <p>The NSW Government operates schemes to support energy efficiency
    upgrades in residential housing. These schemes provide financial
    assistance for energy-saving technologies and practices.</p>
          <sec id="energy-savings-scheme-ess-nb-1">
            <title>
              <bold>Energy Savings Scheme (ESS)</bold>
            </title>
            <p>The ESS creates financial incentives for energy savings
      activities through a market for energy savings certificates
      (ESCs). Electricity retailers must acquire a specified number of
      ESCs annually. The scheme continues until a comparable national
      scheme is introduced.</p>
          </sec>
          <sec id="nsw-consumer-energy-strategy-2024-nb-1">
            <title>
              <bold>NSW Consumer Energy Strategy 2024</bold>
            </title>
            <p>The NSW Consumer Energy Strategy 2024 includes initiatives to
      support energy efficiency and reduce energy bills:</p>
            <list list-type="bullet">
              <list-item>
                <p>New community incentives</p>
              </list-item>
              <list-item>
                <p>Community action investment</p>
              </list-item>
              <list-item>
                <p>Incentive scheme improvements</p>
              </list-item>
              <list-item>
                <p>EV charging development</p>
              </list-item>
              <list-item>
                <p>Renter energy bill reduction programs</p>
              </list-item>
              <list-item>
                <p>Apartment solar investment support</p>
              </list-item>
              <list-item>
                <p>Social housing energy bill reduction</p>
              </list-item>
              <list-item>
                <p>Financial assistance for bill payment</p>
              </list-item>
              <list-item>
                <p>Community battery storage support</p>
              </list-item>
            </list>
          </sec>
          <sec id="household-energy-upgrades-fund-nb-1">
            <title>
              <bold>Household Energy Upgrades Fund</bold>
            </title>
            <p>The Australian Government allocated $1.3 billion to establish
      the Household Energy Upgrades Fund for energy performance upgrades
      in over 110,000 homes. The Clean Energy Finance Corporation
      partners with financial institutions to provide loans for upgrades
      including: * Battery-ready solar PV * Energy-efficient appliances
      * Related improvements</p>
            <p>The fund includes $300 million for upgrades to approximately
      60,000 social housing properties.</p>
          </sec>
        </sec>
      </sec>
      <sec id="comparative-analysis-of-energy-efficiency-schemes-nb-1">
        <title>
          <bold>Comparative Analysis of Energy Efficiency
  Schemes</bold>
        </title>
        <p>The NSW Government offers several energy efficiency schemes:</p>
        <table-wrap>
          <table>
            <colgroup>
              <col width="25%"/>
              <col width="25%"/>
              <col width="25%"/>
              <col width="25%"/>
            </colgroup>
            <thead>
              <tr>
                <th align="left">Scheme</th>
                <th align="left">Eligibility</th>
                <th align="left">Incentives</th>
                <th align="left">Application Process</th>
              </tr>
            </thead>
            <tbody>
              <tr>
                <td align="left">Energy Savings Scheme (ESS)</td>
                <td align="left">Households and businesses</td>
                <td align="left">Financial incentives for energy efficiency
          upgrades</td>
                <td align="left">Through Accredited Certificate Providers</td>
              </tr>
              <tr>
                <td align="left">Home Energy Saver Program</td>
                <td align="left">Eligible households</td>
                <td align="left">Financial support for energy efficiency
          upgrades</td>
                <td align="left">Program implementation by end of 2025</td>
              </tr>
              <tr>
                <td align="left">Solar Banks program</td>
                <td align="left">Low-income households and apartment
          residents</td>
                <td align="left">Up to 50% rebates for rooftop solar
          installations</td>
                <td align="left">Direct program application</td>
              </tr>
            </tbody>
          </table>
        </table-wrap>
        <p>This comparison shows the scope and focus of each scheme. The ESS
  covers broad energy efficiency upgrades, while the Home Energy Saver
  Program targets specific households and the Solar Banks program
  focuses on solar installation support.</p>
      </sec>
      <sec id="energy-efficiency-upgrades-for-residential-housing-nb-1">
        <title>
          <bold>Energy Efficiency Upgrades for Residential
  Housing</bold>
        </title>
        <p>Residential housing energy efficiency upgrades can reduce energy
  consumption, improve comfort, and lower energy bills. These upgrades
  target different aspects of home energy use.</p>
        <sec id="appliances-and-lighting-nb-1">
          <title>
            <bold>Appliances and Lighting</bold>
          </title>
          <p>Energy-efficient appliances and lighting reduce energy
    consumption. This includes higher energy star rated appliances and
    LED lighting, which uses less energy than incandescent bulbs.</p>
        </sec>
        <sec id="insulation-and-draught-proofing-nb-1">
          <title>
            <bold>Insulation and Draught Proofing</bold>
          </title>
          <p>Insulation and draught proofing reduce heat transfer and air
    leakage. This includes insulation in ceilings, walls, and floors,
    and sealing gaps around windows and doors.</p>
        </sec>
        <sec id="heating-and-cooling-systems-nb-1">
          <title>
            <bold>Heating and Cooling Systems</bold>
          </title>
          <p>Energy-efficient heating and cooling systems include
    reverse-cycle air conditioners and heat pump hot water systems.</p>
        </sec>
        <sec id="solar-panels-and-battery-storage-nb-1">
          <title>
            <bold>Solar Panels and Battery Storage</bold>
          </title>
          <p>Solar panels and battery storage systems enable on-site renewable
    energy generation and storage, reducing grid electricity use.</p>
        </sec>
      </sec>
      <sec id="nsw-government-agencies-and-departments-involved-in-energy-efficiency-nb-1">
        <title>
          <bold>NSW Government Agencies and Departments Involved in
  Energy Efficiency</bold>
        </title>
        <p>Several NSW government agencies implement energy efficiency
  policies and programs for residential housing.</p>
        <sec id="department-of-climate-change-energy-the-environment-and-water-dcceew-nb-1">
          <title>
            <bold>Department of Climate Change, Energy, the Environment
    and Water (DCCEEW)</bold>
          </title>
          <p>The DCCEEW manages climate change and energy action, water
    management, and environment and heritage conservation. It develops
    and implements NSW energy efficiency policies and programs.</p>
        </sec>
        <sec id="energy-saver-resources-and-programs-nb-1">
          <title>
            <bold>Energy Saver Resources and Programs</bold>
          </title>
          <p>The NSW Government provides energy saver resources and programs
    including the Energy Savings Scheme (ESS) and Sustainability
    Advantage program for energy efficiency upgrades.</p>
        </sec>
        <sec id="government-resource-efficiency-policy-grep-nb-1">
          <title>
            <bold>Government Resource Efficiency Policy
    (GREP)</bold>
          </title>
          <p>The GREP website provides compliance information, reporting
    guidance, and online reporting tools for government resource
    efficiency initiatives.</p>
        </sec>
        <sec id="smart-energy-management-in-government-operations-nb-1">
          <title>
            <bold>Smart Energy Management in Government
    Operations</bold>
          </title>
          <p>NSW Government energy efficiency initiatives include targets for
    energy efficiency upgrades and requirements for public sector
    energy-saving measures. Energy efficiency upgrades must achieve a
    minimum 12 percent internal rate of return.</p>
        </sec>
      </sec>
      <sec id="academic-research-on-energy-efficiency-policies-in-nsw-nb-1">
        <title>
          <bold>Academic Research on Energy Efficiency Policies in
  NSW</bold>
        </title>
        <p>Academic research informs energy efficiency policies and programs
  in NSW through investigation of policy effectiveness, adoption
  barriers, and improvement opportunities.</p>
        <sec id="energy-efficiency-in-social-housing-nb-1">
          <title>
            <bold>Energy Efficiency in Social Housing</bold>
          </title>
          <p>Research collaboration between CSIRO, University of Wollongong,
    and the University of New South Wales examines energy efficiency in
    social housing. This work analyzes social housing provider
    decision-making and identifies implementation factors for energy
    efficiency upgrades.</p>
        </sec>
        <sec id="an-energy-efficiency-policy-model-nb-1">
          <title>
            <bold>An Energy Efficiency Policy Model</bold>
          </title>
          <p>Research on energy efficiency policy models examines social
    context and infrastructure impacts on policy design. Findings
    indicate price signals and information campaigns have limited
    effectiveness in reducing energy use, suggesting the need for
    policies addressing social and infrastructural factors.</p>
        </sec>
        <sec id="impact-of-energy-conservation-measures-nb-1">
          <title>
            <bold>Impact of Energy Conservation Measures</bold>
          </title>
          <p>Research on energy conservation measures (ECMs) examined effects
    on residential building electricity consumption. Results showed
    insulation improvements, appliance upgrades, and energy-efficient
    lighting reduce electricity consumption and costs.</p>
        </sec>
        <sec id="energy-efficiency-rating-systems-for-housing-nb-1">
          <title>
            <bold>Energy Efficiency Rating Systems for
    Housing</bold>
          </title>
          <p>Australian research on housing energy efficiency rating systems
    examines implementation challenges and opportunities. This work
    analyzes rating system effectiveness for consumer information and
    energy efficiency promotion.</p>
        </sec>
        <sec id="energy-efficiency-decision-making-in-the-nsw-social-housing-sector-nb-1">
          <title>
            <bold>Energy Efficiency Decision-Making in the NSW Social
    Housing Sector</bold>
          </title>
          <p>Research on social housing energy efficiency examines adoption
    factors. Findings identify split incentives between landlords and
    tenants as an implementation barrier, where investment decisions and
    cost impacts affect different parties.</p>
        </sec>
      </sec>
      <sec id="industry-reports-and-publications-on-energy-efficiency-in-nsw-nb-1">
        <title>
          <bold>Industry Reports and Publications on Energy Efficiency in
  NSW</bold>
        </title>
        <p>Industry reports provide data on trends, challenges, and
  opportunities in NSW energy efficiency.</p>
        <sec id="property-investment-energy-efficiency-analysis-nb-1">
          <title>
            <bold>Property Investment Energy Efficiency
    Analysis</bold>
          </title>
          <p>Industry data indicates: * 40% of NSW tenants prefer
    energy-efficient properties * Energy-efficient properties achieve
    5-10% rental premiums * Lower utility costs drive tenant
    preferences</p>
        </sec>
        <sec id="energy-efficient-housing-research-nb-1">
          <title>
            <bold>Energy Efficient Housing Research</bold>
          </title>
          <p>Consumer research examines perceptions and experiences with
    energy-efficient housing, highlighting education needs and support
    for cost-effective improvements.</p>
        </sec>
        <sec id="social-housing-energy-efficiency-studies-nb-1">
          <title>
            <bold>Social Housing Energy Efficiency Studies</bold>
          </title>
          <p>Reports analyze: * Decision-making processes in NSW social
    housing * Implementation barriers and opportunities * Policy
    recommendations * Literature and program reviews * Existing policies
    and programs * Current trends and challenges</p>
        </sec>
        <sec id="energy-performance-upgrade-programs-nb-1">
          <title>
            <bold>Energy Performance Upgrade Programs</bold>
          </title>
          <p>Analysis of government investment in energy-saving upgrades for
    low-income renters and apartment residents includes: * Funding
    allocation data * Upgrade types * Expected energy savings * Bill
    reduction projections</p>
        </sec>
      </sec>
      <sec id="ngos-and-non-profit-organizations-working-on-energy-efficiency-in-nsw-nb-1">
        <title>
          <bold>NGOs and Non-Profit Organizations Working on Energy
  Efficiency in NSW</bold>
        </title>
        <p>Several organizations promote residential energy efficiency in NSW
  through community work, education, and policy advocacy.</p>
        <sec id="social-housing-energy-performance-initiative-shepi-nb-1">
          <title>
            <bold>Social Housing Energy Performance Initiative
    (SHEPI)</bold>
          </title>
          <p>SHEPI provides NSW and Commonwealth government grants to
    Community Housing Providers for energy efficiency upgrades,
    including: * Solar systems * Reverse-cycle air conditioners *
    Insulation</p>
        </sec>
        <sec id="community-housing-energy-performance-grant-nb-1">
          <title>
            <bold>Community Housing Energy Performance
    Grant</bold>
          </title>
          <p>This grant supports social housing energy performance upgrades to
    improve living conditions and reduce tenant energy bills. The
    program is available to registered NSW Community Housing
    Providers.</p>
        </sec>
      </sec>
      <sec id="recent-news-articles-and-media-reports-on-energy-efficiency-in-nsw-nb-1">
        <title>
          <bold>Recent News Articles and Media Reports on Energy
  Efficiency in NSW</bold>
        </title>
        <p>News coverage documents energy efficiency policy and regulation
  developments in NSW.</p>
        <sec id="consumer-energy-strategy-updates-nb-1">
          <title>
            <bold>Consumer Energy Strategy Updates</bold>
          </title>
          <p>Recent reports cover: * Strategy implementation for energy-saving
    technology access * Support for solar and battery adoption * Energy
    bill reduction initiatives * Cost-of-living impact measures</p>
        </sec>
        <sec id="planning-guidelines-nb-1">
          <title>
            <bold>Planning Guidelines</bold>
          </title>
          <p>Updates include changes to NSW planning guidelines affecting
    renewable energy projects, including residential solar installations
    and community energy projects.</p>
        </sec>
      </sec>
      <sec id="challenges-and-opportunities-for-energy-efficiency-in-nsw-nb-1">
        <title>
          <bold>Challenges and Opportunities for Energy Efficiency in
  NSW</bold>
        </title>
        <sec id="challenges-nb-1">
          <title>
            <bold>Challenges</bold>
          </title>
          <list list-type="bullet">
            <list-item>
              <p>Split incentives between landlords and tenants affect upgrade
        investments</p>
            </list-item>
            <list-item>
              <p>Information gaps limit consumer awareness of benefits and
        programs</p>
            </list-item>
            <list-item>
              <p>Upfront costs restrict access for some households</p>
            </list-item>
          </list>
        </sec>
      </sec>
    </body>
    <back>
</back>
  </sub-article>
</article>
