<?xml version="1.0" encoding="UTF-8"?>
<!DOCTYPE manifest PUBLIC "-//MECA//DTD Manifest v1.0//en" "MECA_manifest.dtd">
<manifest manifest-version="1" xmlns="https://manuscriptexchange.org/schema/manifest" xmlns:xlink="http://www.w3.org/1999/xlink">
  <item item-type="article-metadata">
    <instance media-type="text/xml" xlink:href="index.xml"/>
  </item>
  <item item-type="manuscript">
    <instance media-type="application/vnd.openxmlformats-officedocument.wordprocessingml.document" xlink:href="index.docx"/>
  </item>
  <item item-type="manuscript-supporting-file">
    <instance media-type="application/octet-stream" xlink:href="Notes-NSW.qmd"/>
  </item>
  <item item-type="article-source">
    <instance media-type="application/octet-stream" xlink:href="source/.DS_Store"/>
  </item>
  <item item-type="article-source">
    <instance media-type="application/octet-stream" xlink:href="source/.github/workflows/publish.yml"/>
  </item>
  <item item-type="article-source">
    <instance media-type="application/octet-stream" xlink:href="source/.gitignore"/>
  </item>
  <item item-type="article-source">
    <instance media-type="application/octet-stream" xlink:href="source/Figure-10.csv"/>
  </item>
  <item item-type="article-source">
    <instance media-type="application/octet-stream" xlink:href="source/Figure-7.csv"/>
  </item>
  <item item-type="article-source">
    <instance media-type="application/octet-stream" xlink:href="source/Figure-8.csv"/>
  </item>
  <item item-type="article-source">
    <instance media-type="application/octet-stream" xlink:href="source/Figure-9.csv"/>
  </item>
  <item item-type="article-source">
    <instance media-type="text/markdown" xlink:href="source/README.md"/>
  </item>
  <item item-type="article-source">
    <instance media-type="application/octet-stream" xlink:href="source/Technical-Publishing.Rproj"/>
  </item>
  <item item-type="article-source">
    <instance media-type="text/plain" xlink:href="source/Working Header Include.txt"/>
  </item>
  <item item-type="article-source">
    <instance media-type="application/octet-stream" xlink:href="source/_quarto.yml"/>
  </item>
  <item item-type="article-source">
    <instance media-type="text/plain" xlink:href="source/biblio.typ"/>
  </item>
  <item item-type="article-source">
    <instance media-type="text/plain" xlink:href="source/definitions.typ"/>
  </item>
  <item item-type="article-source">
    <instance media-type="application/octet-stream" xlink:href="source/emissions-standards.csv"/>
  </item>
  <item item-type="article-source">
    <instance media-type="application/octet-stream" xlink:href="source/index.qmd"/>
  </item>
  <item item-type="article-source">
    <instance media-type="text/plain" xlink:href="source/index.typ"/>
  </item>
  <item item-type="article-source">
    <instance media-type="application/octet-stream" xlink:href="source/media/.DS_Store"/>
  </item>
  <item item-type="article-source">
    <instance media-type="image/png" xlink:href="source/media/Appendix1.png"/>
  </item>
  <item item-type="article-source">
    <instance media-type="image/png" xlink:href="source/media/Appendix2.png"/>
  </item>
  <item item-type="article-source">
    <instance media-type="image/png" xlink:href="source/media/Appendix3.png"/>
  </item>
  <item item-type="article-source">
    <instance media-type="image/png" xlink:href="source/media/Appendix4.png"/>
  </item>
  <item item-type="article-source">
    <instance media-type="application/octet-stream" xlink:href="source/media/Figure-10.csv"/>
  </item>
  <item item-type="article-source">
    <instance media-type="application/octet-stream" xlink:href="source/media/Figure-7.csv"/>
  </item>
  <item item-type="article-source">
    <instance media-type="application/octet-stream" xlink:href="source/media/Figure-8.csv"/>
  </item>
  <item item-type="article-source">
    <instance media-type="application/octet-stream" xlink:href="source/media/Figure-9.csv"/>
  </item>
  <item item-type="article-source">
    <instance media-type="image/png" xlink:href="source/media/Picture 1.png"/>
  </item>
  <item item-type="article-source">
    <instance media-type="image/jpeg" xlink:href="source/media/Picture 2.jpg"/>
  </item>
  <item item-type="article-source">
    <instance media-type="image/png" xlink:href="source/media/Picture 2.png"/>
  </item>
  <item item-type="article-source">
    <instance media-type="image/jpeg" xlink:href="source/media/Picture 3.jpg"/>
  </item>
  <item item-type="article-source">
    <instance media-type="application/pdf" xlink:href="source/media/Picture 3.pdf"/>
  </item>
  <item item-type="article-source">
    <instance media-type="image/png" xlink:href="source/media/Picture 3.png"/>
  </item>
  <item item-type="article-source">
    <instance media-type="image/jpeg" xlink:href="source/media/Picture 4.jpg"/>
  </item>
  <item item-type="article-source">
    <instance media-type="application/pdf" xlink:href="source/media/Picture 4.pdf"/>
  </item>
  <item item-type="article-source">
    <instance media-type="image/png" xlink:href="source/media/Picture 4.png"/>
  </item>
  <item item-type="article-source">
    <instance media-type="image/jpeg" xlink:href="source/media/Picture 5.jpg"/>
  </item>
  <item item-type="article-source">
    <instance media-type="image/png" xlink:href="source/media/Picture 5.png"/>
  </item>
  <item item-type="article-source">
    <instance media-type="image/jpeg" xlink:href="source/media/Picture 6.jpg"/>
  </item>
  <item item-type="article-source">
    <instance media-type="image/png" xlink:href="source/media/Picture 6.png"/>
  </item>
  <item item-type="article-source">
    <instance media-type="application/octet-stream" xlink:href="source/media/blank"/>
  </item>
  <item item-type="article-source">
    <instance media-type="application/octet-stream" xlink:href="source/mrv-frameworks.csv"/>
  </item>
  <item item-type="article-source">
    <instance media-type="text/plain" xlink:href="source/notes.typ"/>
  </item>
  <item item-type="article-source">
    <instance media-type="application/octet-stream" xlink:href="source/references.bib"/>
  </item>
  <item item-type="article-source">
    <instance media-type="application/octet-stream" xlink:href="source/social-frameworks.csv"/>
  </item>
  <item item-type="article-source">
    <instance media-type="application/octet-stream" xlink:href="source/sustainability-standards.csv"/>
  </item>
  <item item-type="article-source">
    <instance media-type="text/plain" xlink:href="source/template.typ"/>
  </item>
  <item item-type="article-source">
    <instance media-type="text/plain" xlink:href="source/typst-show.typ"/>
  </item>
  <item item-type="article-source">
    <instance media-type="text/plain" xlink:href="source/typst-template.typ"/>
  </item>
  <item item-type="article-source-directory">
    <instance media-type="application/x-directory" xlink:href="source"/>
  </item>
</manifest>